Rank,Model,CV Accuracy,CV ROC-AUC,Test Accuracy,Precision,Recall,F1-score,Test ROC-AUC
1,AdaBoost,0.8854271356783918,0.9690265573514771,0.8792497069167644,0.6964285714285714,0.9154929577464789,0.7910750507099391,0.9667950410798122
2,Voting Classifier,0.8929648241206032,0.9680500810670056,0.8815943728018757,0.7258064516129032,0.8450704225352113,0.7809110629067245,0.964825410798122
3,Random Forest,0.8949748743718594,0.9649651337055772,0.8921453692848769,0.7552742616033755,0.8403755868544601,0.7955555555555556,0.964355927230047
4,Gradient Boosting,0.8914572864321608,0.9672366469571022,0.876905041031653,0.716,0.8403755868544601,0.7732181425485961,0.9638424295774648
5,CatBoost,0.8899497487437186,0.9670860180898115,0.8839390386869871,0.7261904761904762,0.8591549295774648,0.7870967741935484,0.9631968896713615
