Rank,Model,CV Accuracy,CV ROC-AUC,Test Accuracy,Precision,Recall,F1-score,Test ROC-AUC,Tuning_Gain
1,AdaBoost,0.8899497487437186,0.9711152382617222,0.8722157092614302,0.6793103448275862,0.9248826291079812,0.7833001988071571,0.9679174002347416,0.0
2,Voting Classifier,0.892964824120603,0.967797122988544,0.8851113716295428,0.7254901960784313,0.8685446009389671,0.7905982905982906,0.9658964201877934,0.0
3,CatBoost,0.892964824120603,0.9661903438778257,0.8886283704572099,0.7341269841269841,0.8685446009389671,0.7956989247311828,0.9648914319248827,
4,Gradient Boosting,0.8884422110552764,0.9668452194953506,0.876905041031653,0.7125984251968503,0.8497652582159625,0.7751605995717344,0.9641358568075118,
5,Random Forest,0.8924623115577889,0.9643458115985106,0.8862837045720985,0.7338709677419355,0.8544600938967136,0.789587852494577,0.9638350938967136,
