Rank,Model,CV Accuracy,CV ROC-AUC,Test Accuracy,Precision,Recall,F1-score,Test ROC-AUC
1,AdaBoost,0.8940710877940988,0.963309767878112,0.8797263233705438,0.74,0.7997118155619597,0.7686980609418282,0.9457319511179426
2,Gradient Boosting,0.9112618483632124,0.9734547248524066,0.8782859200576162,0.7342105263157894,0.8040345821325648,0.7675378266850069,0.9427186736044915
3,CatBoost,0.911776993437585,0.9756394791491818,0.8782859200576162,0.7451790633608816,0.7795389048991355,0.7619718309859155,0.9421963998389599
4,Voting Classifier,0.913115501366706,0.9771622026106257,0.8775657184011523,0.7478991596638656,0.7694524495677233,0.7585227272727273,0.9414607201705588
5,Hist Gradient Boosting,0.9102328833124057,0.9764065776893732,0.871083903492978,0.7386363636363636,0.7492795389048992,0.7439198855507868,0.939377159135087
