Rank,Model,CV Accuracy,CV ROC-AUC,Test Accuracy,Precision,Recall,F1-score,Test ROC-AUC
1,Random Forest,0.9336520409654536,0.9887036672698011,0.8921453692848769,0.7552742616033755,0.8403755868544601,0.7955555555555556,0.964355927230047
2,Gradient Boosting,0.9239306150438995,0.986707662841425,0.876905041031653,0.716,0.8403755868544601,0.7732181425485961,0.9638424295774648
3,CatBoost,0.9373331984306319,0.9884960362899078,0.8839390386869871,0.7261904761904762,0.8591549295774648,0.7870967741935484,0.9631968896713615
4,XGBoost,0.9440344901239982,0.9894752774853162,0.8980070339976554,0.7889908256880734,0.8075117370892019,0.7981438515081206,0.963130868544601
5,Hist Gradient Boosting,0.941360606162805,0.9906736552136387,0.8898007033997656,0.7741935483870968,0.7887323943661971,0.7813953488372093,0.9629768192488264
